{"followers_count":8.849682389,"following_count":27.1974664136,"post_count":11.6070568049,"listed_count":0.044848861,"active_date":7.3687207944,"cluster":0,"rank":1}
{"followers_count":34.7372216196,"following_count":73.2721587646,"post_count":119.2019654138,"listed_count":0.1311339417,"active_date":86.29889605,"cluster":11,"rank":2}
{"followers_count":53.6379372521,"following_count":97.4704291381,"post_count":279.1390191129,"listed_count":0.2078975838,"active_date":186.7380093761,"cluster":6,"rank":3}
{"followers_count":82.3050099316,"following_count":118.3174795851,"post_count":482.5355329949,"listed_count":42948554282902.234375,"active_date":299.0821147744,"cluster":3,"rank":4}
{"followers_count":121.1546179884,"following_count":135.8487669246,"post_count":688.0955029014,"listed_count":0.4055851064,"active_date":419.9841634429,"cluster":12,"rank":5}
{"followers_count":139.0760377602,"following_count":169.3154015259,"post_count":927.1022888918,"listed_count":0.6949437476,"active_date":553.6631320316,"cluster":4,"rank":6}
{"followers_count":146.2107941403,"following_count":164.0522744796,"post_count":1060.4297609869,"listed_count":0.9165767155,"active_date":694.0627602159,"cluster":9,"rank":7}
{"followers_count":158.0603757653,"following_count":184.1851382732,"post_count":1438.6497783407,"listed_count":1.5919358244,"active_date":1002.5524593625,"cluster":5,"rank":8}
{"followers_count":189.0965540771,"following_count":191.737291027,"post_count":1215.8862163084,"listed_count":1.0667007847,"active_date":839.5300238826,"cluster":1,"rank":9}
{"followers_count":207.4199200738,"following_count":216.4721795266,"post_count":1864.8456809099,"listed_count":3.8985551798,"active_date":1382.1696895174,"cluster":2,"rank":10}
{"followers_count":247.8155452436,"following_count":255.0761020882,"post_count":1701.3211136891,"listed_count":2.8378190255,"active_date":1187.9208816705,"cluster":13,"rank":11}
{"followers_count":422.2312588402,"following_count":296.2871287129,"post_count":2452.1736209335,"listed_count":7.7397454031,"active_date":1595.3564356436,"cluster":14,"rank":12}
{"followers_count":1016.0208333333,"following_count":1265.244047619,"post_count":4197.5535714286,"listed_count":23.0297619048,"active_date":2019.193452381,"cluster":8,"rank":13}
{"followers_count":1523.5961002786,"following_count":842.6713091922,"post_count":39603.8857938719,"listed_count":18.2284122563,"active_date":843.991643454,"cluster":10,"rank":14}
{"followers_count":13067.7164948454,"following_count":4118.2216494845,"post_count":57087.8195876289,"listed_count":260.8092783505,"active_date":1428.2010309278,"cluster":7,"rank":15}
