{"followers_count":12.3783079124,"following_count":37.1411571243,"post_count":18.491395265,"listed_count":5255346479926.89453125,"active_date":31.6409359001}
{"followers_count":210862.4473937297,"following_count":271642.0058506415,"post_count":16796.0597289921,"listed_count":-10680202.7436523438,"active_date":1552.6712148094}
{"followers_count":110.8180457229,"following_count":165.6625299692,"post_count":930.3413258659,"listed_count":-10681174.3990455177,"active_date":1000.9478162069}
{"followers_count":51.7425083753,"following_count":101.0724521049,"post_count":167.9922513048,"listed_count":-10681175.1446641646,"active_date":307.9026623999}
{"followers_count":1401148.1899189313,"following_count":291126.0780257629,"post_count":119018.438392804,"listed_count":-10647018.287109375,"active_date":2238.007086842}
{"followers_count":1043.5423708463,"following_count":651.0580729442,"post_count":29882.144370327,"listed_count":-10681155.0195736326,"active_date":1158.8855487499}
{"followers_count":77050.0850440864,"following_count":43245.1597970056,"post_count":5820.819073252,"listed_count":-10681081.2135742195,"active_date":812.2018052116}
{"followers_count":1774.8443512647,"following_count":886.6676277342,"post_count":59740.4153401717,"listed_count":-10681129.4368197937,"active_date":1240.1421187606}
{"followers_count":227.205554536,"following_count":257.675702033,"post_count":2476.2833364139,"listed_count":-10681172.1776007339,"active_date":1345.8335912075}
{"followers_count":82.0388682412,"following_count":133.1133543157,"post_count":430.5843014111,"listed_count":-10681174.934346443,"active_date":636.4450734259}
{"followers_count":49893.1844464055,"following_count":12772.2969159528,"post_count":20047.5717736145,"listed_count":-10680848.5126464851,"active_date":932.2522499161}
{"followers_count":704.0341146448,"following_count":505.3905450959,"post_count":12453.2934793668,"listed_count":-10681163.0813310724,"active_date":1245.5447246983}
{"followers_count":362882.3438564591,"following_count":9.9996403963,"post_count":238356.8804598931,"listed_count":-10679289.4067382812,"active_date":1496.0043382309}
{"followers_count":3669.0932178678,"following_count":1670.6457919511,"post_count":123964.0167127802,"listed_count":-10681111.2936132811,"active_date":1070.16276078}
{"followers_count":12735.9239972364,"following_count":4690.2889074819,"post_count":6163.3185875919,"listed_count":-10681060.2994320523,"active_date":843.1499459983}
